date,total_return_index,source_value,provider,symbol,source_field
2008-07-03,100,33.2599,alpha-vantage,VT,adjusted_close
2008-07-11,98.226994,32.6702,alpha-vantage,VT,adjusted_close
2008-07-18,99.517437,33.0994,alpha-vantage,VT,adjusted_close
2008-07-25,99.381538,33.0542,alpha-vantage,VT,adjusted_close
2008-08-01,98.804266,32.8622,alpha-vantage,VT,adjusted_close
2008-08-08,99.422728,33.0679,alpha-vantage,VT,adjusted_close
2008-08-15,97.897167,32.5605,alpha-vantage,VT,adjusted_close
2008-08-22,97.569445,32.4515,alpha-vantage,VT,adjusted_close
2008-08-29,97.546896,32.444,alpha-vantage,VT,adjusted_close
2008-09-05,91.05319,30.2842,alpha-vantage,VT,adjusted_close
2008-09-12,93.011705,30.9356,alpha-vantage,VT,adjusted_close
2008-09-19,95.670763,31.82,alpha-vantage,VT,adjusted_close
2008-09-26,93.320786,31.0384,alpha-vantage,VT,adjusted_close
2008-10-03,81.941918,27.2538,alpha-vantage,VT,adjusted_close
2008-10-10,67.573565,22.4749,alpha-vantage,VT,adjusted_close
2008-10-17,69.738033,23.1948,alpha-vantage,VT,adjusted_close
2008-10-24,64.254553,21.371,alpha-vantage,VT,adjusted_close
2008-10-31,69.655351,23.1673,alpha-vantage,VT,adjusted_close
2008-11-07,68.680904,22.8432,alpha-vantage,VT,adjusted_close
2008-11-14,63.017928,20.9597,alpha-vantage,VT,adjusted_close
2008-11-21,59.183581,19.6844,alpha-vantage,VT,adjusted_close
2008-11-28,64.914507,21.5905,alpha-vantage,VT,adjusted_close
2008-12-05,63.265374,21.042,alpha-vantage,VT,adjusted_close
2008-12-12,65.862495,21.9058,alpha-vantage,VT,adjusted_close
2008-12-19,66.213067,22.0224,alpha-vantage,VT,adjusted_close
2008-12-26,65.872417,21.9091,alpha-vantage,VT,adjusted_close
2009-01-02,70.270807,23.372,alpha-vantage,VT,adjusted_close
2009-01-09,66.789437,22.2141,alpha-vantage,VT,adjusted_close
2009-01-16,63.756055,21.2052,alpha-vantage,VT,adjusted_close
2009-01-23,61.12135,20.3289,alpha-vantage,VT,adjusted_close
2009-01-30,60.996876,20.2875,alpha-vantage,VT,adjusted_close
2009-02-06,64.731403,21.5296,alpha-vantage,VT,adjusted_close
2009-02-13,61.598501,20.4876,alpha-vantage,VT,adjusted_close
2009-02-20,56.017607,18.6314,alpha-vantage,VT,adjusted_close
2009-02-27,55.187478,18.3553,alpha-vantage,VT,adjusted_close
2009-03-06,51.722946,17.203,alpha-vantage,VT,adjusted_close
2009-03-13,58.092177,19.3214,alpha-vantage,VT,adjusted_close
2009-03-20,58.486345,19.4525,alpha-vantage,VT,adjusted_close
2009-03-27,61.370299,20.4117,alpha-vantage,VT,adjusted_close
2009-04-03,64.212761,21.3571,alpha-vantage,VT,adjusted_close
2009-04-09,65.270792,21.709,alpha-vantage,VT,adjusted_close
2009-04-17,66.204348,22.0195,alpha-vantage,VT,adjusted_close
2009-04-24,66.287331,22.0471,alpha-vantage,VT,adjusted_close
2009-05-01,68.092508,22.6475,alpha-vantage,VT,adjusted_close
2009-05-08,73.113269,24.3174,alpha-vantage,VT,adjusted_close
2009-05-15,69.461724,23.1029,alpha-vantage,VT,adjusted_close
2009-05-22,71.9927,23.9447,alpha-vantage,VT,adjusted_close
2009-05-29,74.440994,24.759,alpha-vantage,VT,adjusted_close
2009-06-05,75.270822,25.035,alpha-vantage,VT,adjusted_close
2009-06-12,76.287662,25.3732,alpha-vantage,VT,adjusted_close
2009-06-19,73.030286,24.2898,alpha-vantage,VT,adjusted_close
2009-06-26,73.797877,24.5451,alpha-vantage,VT,adjusted_close
2009-07-02,72.262695,24.0345,alpha-vantage,VT,adjusted_close
2009-07-10,70.810195,23.5514,alpha-vantage,VT,adjusted_close
2009-07-17,75.66499,25.1661,alpha-vantage,VT,adjusted_close
2009-07-24,79.254297,26.3599,alpha-vantage,VT,adjusted_close
2009-07-31,80.561577,26.7947,alpha-vantage,VT,adjusted_close
2009-08-07,81.993031,27.2708,alpha-vantage,VT,adjusted_close
2009-08-14,81.661099,27.1604,alpha-vantage,VT,adjusted_close
2009-08-21,83.237773,27.6848,alpha-vantage,VT,adjusted_close
2009-08-28,83.528213,27.7814,alpha-vantage,VT,adjusted_close
2009-09-04,82.988824,27.602,alpha-vantage,VT,adjusted_close
2009-09-11,86.059489,28.6233,alpha-vantage,VT,adjusted_close
2009-09-18,88.092568,29.2995,alpha-vantage,VT,adjusted_close
2009-09-25,85.997252,28.6026,alpha-vantage,VT,adjusted_close
2009-10-02,84.378786,28.0643,alpha-vantage,VT,adjusted_close
2009-10-09,88.341516,29.3823,alpha-vantage,VT,adjusted_close
2009-10-16,89.752525,29.8516,alpha-vantage,VT,adjusted_close
2009-10-23,89.399848,29.7343,alpha-vantage,VT,adjusted_close
2009-10-30,84.856238,28.2231,alpha-vantage,VT,adjusted_close
2009-11-06,87.573925,29.127,alpha-vantage,VT,adjusted_close
2009-11-13,90.167439,29.9896,alpha-vantage,VT,adjusted_close
2009-11-20,89.275374,29.6929,alpha-vantage,VT,adjusted_close
2009-11-27,88.984934,29.5963,alpha-vantage,VT,adjusted_close
2009-12-04,90.976521,30.2587,alpha-vantage,VT,adjusted_close
2009-12-11,90.022219,29.9413,alpha-vantage,VT,adjusted_close
2009-12-18,89.213137,29.6722,alpha-vantage,VT,adjusted_close
2009-12-24,91.250425,30.3498,alpha-vantage,VT,adjusted_close
2009-12-31,90.766058,30.1887,alpha-vantage,VT,adjusted_close
2010-01-08,93.883325,31.2255,alpha-vantage,VT,adjusted_close
2010-01-15,93.061915,30.9523,alpha-vantage,VT,adjusted_close
2010-01-22,88.385714,29.397,alpha-vantage,VT,adjusted_close
2010-01-29,86.131648,28.6473,alpha-vantage,VT,adjusted_close
2010-02-05,84.594061,28.1359,alpha-vantage,VT,adjusted_close
2010-02-12,85.984323,28.5983,alpha-vantage,VT,adjusted_close
2010-02-19,88.385714,29.397,alpha-vantage,VT,adjusted_close
2010-02-26,87.922393,29.2429,alpha-vantage,VT,adjusted_close
2010-03-05,91.524328,30.4409,alpha-vantage,VT,adjusted_close
2010-03-12,92.38783,30.7281,alpha-vantage,VT,adjusted_close
2010-03-19,92.38783,30.7281,alpha-vantage,VT,adjusted_close
2010-03-26,92.766966,30.8542,alpha-vantage,VT,adjusted_close
2010-04-01,94.936545,31.5758,alpha-vantage,VT,adjusted_close
2010-04-09,96.010812,31.9331,alpha-vantage,VT,adjusted_close
2010-04-16,95.273588,31.6879,alpha-vantage,VT,adjusted_close
2010-04-23,96.031858,31.9401,alpha-vantage,VT,adjusted_close
2010-04-30,93.356565,31.0503,alpha-vantage,VT,adjusted_close
2010-05-07,85.794906,28.5353,alpha-vantage,VT,adjusted_close
2010-05-14,87.564304,29.1238,alpha-vantage,VT,adjusted_close
2010-05-21,84.257018,28.0238,alpha-vantage,VT,adjusted_close
2010-05-28,84.13074,27.9818,alpha-vantage,VT,adjusted_close
2010-06-04,82.298203,27.3723,alpha-vantage,VT,adjusted_close
2010-06-11,85.205007,28.3391,alpha-vantage,VT,adjusted_close
2010-06-18,87.64849,29.1518,alpha-vantage,VT,adjusted_close
2010-06-25,85.584142,28.4652,alpha-vantage,VT,adjusted_close
2010-07-02,81.898021,27.2392,alpha-vantage,VT,adjusted_close
2010-07-09,86.724855,28.8446,alpha-vantage,VT,adjusted_close
2010-07-16,85.331285,28.3811,alpha-vantage,VT,adjusted_close
2010-07-23,88.806942,29.5371,alpha-vantage,VT,adjusted_close
2010-07-30,89.291309,29.6982,alpha-vantage,VT,adjusted_close
2010-08-06,91.397749,30.3988,alpha-vantage,VT,adjusted_close
2010-08-13,87.332493,29.0467,alpha-vantage,VT,adjusted_close
2010-08-20,87.142776,28.9836,alpha-vantage,VT,adjusted_close
2010-08-27,86.911266,28.9066,alpha-vantage,VT,adjusted_close
2010-09-03,90.070926,29.9575,alpha-vantage,VT,adjusted_close
2010-09-10,90.702618,30.1676,alpha-vantage,VT,adjusted_close
2010-09-17,91.987649,30.595,alpha-vantage,VT,adjusted_close
2010-09-24,94.452178,31.4147,alpha-vantage,VT,adjusted_close
2010-10-01,95.126263,31.6389,alpha-vantage,VT,adjusted_close
2010-10-08,97.021939,32.2694,alpha-vantage,VT,adjusted_close
2010-10-15,98.07516,32.6197,alpha-vantage,VT,adjusted_close
2010-10-22,97.906789,32.5637,alpha-vantage,VT,adjusted_close
2010-10-29,97.927835,32.5707,alpha-vantage,VT,adjusted_close
2010-11-05,101.656048,33.8107,alpha-vantage,VT,adjusted_close
2010-11-12,98.875523,32.8859,alpha-vantage,VT,adjusted_close
2010-11-19,99.044194,32.942,alpha-vantage,VT,adjusted_close
2010-11-26,96.748036,32.1783,alpha-vantage,VT,adjusted_close
2010-12-03,100.055322,33.2783,alpha-vantage,VT,adjusted_close
2010-12-10,100.539689,33.4394,alpha-vantage,VT,adjusted_close
2010-12-17,100.623874,33.4674,alpha-vantage,VT,adjusted_close
2010-12-23,101.690324,33.8221,alpha-vantage,VT,adjusted_close
2010-12-31,102.635306,34.1364,alpha-vantage,VT,adjusted_close
2011-01-07,102.35599,34.0435,alpha-vantage,VT,adjusted_close
2011-01-14,104.954014,34.9076,alpha-vantage,VT,adjusted_close
2011-01-21,104.052327,34.6077,alpha-vantage,VT,adjusted_close
2011-01-28,103.112757,34.2952,alpha-vantage,VT,adjusted_close
2011-02-04,106.113668,35.2933,alpha-vantage,VT,adjusted_close
2011-02-11,106.281137,35.349,alpha-vantage,VT,adjusted_close
2011-02-18,108.046025,35.936,alpha-vantage,VT,adjusted_close
2011-02-25,106.264,35.3433,alpha-vantage,VT,adjusted_close
2011-03-04,107.05835,35.6075,alpha-vantage,VT,adjusted_close
2011-03-11,104.674999,34.8148,alpha-vantage,VT,adjusted_close
2011-03-18,102.549316,34.1078,alpha-vantage,VT,adjusted_close
2011-03-25,105.684022,35.1504,alpha-vantage,VT,adjusted_close
2011-04-01,107.938689,35.9003,alpha-vantage,VT,adjusted_close
2011-04-08,108.389682,36.0503,alpha-vantage,VT,adjusted_close
2011-04-15,107.552338,35.7718,alpha-vantage,VT,adjusted_close
2011-04-21,109.420353,36.3931,alpha-vantage,VT,adjusted_close
2011-04-29,111.717714,37.1572,alpha-vantage,VT,adjusted_close
2011-05-06,108.432677,36.0646,alpha-vantage,VT,adjusted_close
2011-05-13,107.079697,35.6146,alpha-vantage,VT,adjusted_close
2011-05-20,107.05835,35.6075,alpha-vantage,VT,adjusted_close
2011-05-27,107.638027,35.8003,alpha-vantage,VT,adjusted_close
2011-06-03,106.671998,35.479,alpha-vantage,VT,adjusted_close
2011-06-10,103.773313,34.5149,alpha-vantage,VT,adjusted_close
2011-06-17,103.214983,34.3292,alpha-vantage,VT,adjusted_close
2011-06-24,102.854188,34.2092,alpha-vantage,VT,adjusted_close
2011-07-01,108.948012,36.236,alpha-vantage,VT,adjusted_close
2011-07-08,108.368035,36.0431,alpha-vantage,VT,adjusted_close
2011-07-15,105.94169,35.2361,alpha-vantage,VT,adjusted_close
2011-07-22,108.776034,36.1788,alpha-vantage,VT,adjusted_close
2011-07-29,105.405007,35.0576,alpha-vantage,VT,adjusted_close
2011-08-05,96.751945,32.1796,alpha-vantage,VT,adjusted_close
2011-08-12,95.27449,31.6882,alpha-vantage,VT,adjusted_close
2011-08-19,91.104904,30.3014,alpha-vantage,VT,adjusted_close
2011-08-26,94.196615,31.3297,alpha-vantage,VT,adjusted_close
2011-09-02,94.71195,31.5011,alpha-vantage,VT,adjusted_close
2011-09-09,91.340924,30.3799,alpha-vantage,VT,adjusted_close
2011-09-16,94.905276,31.5654,alpha-vantage,VT,adjusted_close
2011-09-23,87.245301,29.0177,alpha-vantage,VT,adjusted_close
2011-09-30,87.282884,29.0302,alpha-vantage,VT,adjusted_close
2011-10-07,89.752224,29.8515,alpha-vantage,VT,adjusted_close
2011-10-14,95.613938,31.8011,alpha-vantage,VT,adjusted_close
2011-10-21,95.807263,31.8654,alpha-vantage,VT,adjusted_close
2011-10-28,100.831632,33.5365,alpha-vantage,VT,adjusted_close
2011-11-04,97.138296,32.3081,alpha-vantage,VT,adjusted_close
2011-11-11,97.331622,32.3724,alpha-vantage,VT,adjusted_close
2011-11-18,92.994266,30.9298,alpha-vantage,VT,adjusted_close
2011-11-25,88.073025,29.293,alpha-vantage,VT,adjusted_close
2011-12-02,95.431435,31.7404,alpha-vantage,VT,adjusted_close
2011-12-09,95.807263,31.8654,alpha-vantage,VT,adjusted_close
2011-12-16,91.942249,30.5799,alpha-vantage,VT,adjusted_close
2011-12-23,95.175872,31.6554,alpha-vantage,VT,adjusted_close
2011-12-30,94.933839,31.5749,alpha-vantage,VT,adjusted_close
2012-01-06,95.48345,31.7577,alpha-vantage,VT,adjusted_close
2012-01-13,96.604921,32.1307,alpha-vantage,VT,adjusted_close
2012-01-20,99.814792,33.1983,alpha-vantage,VT,adjusted_close
2012-01-27,100.518342,33.4323,alpha-vantage,VT,adjusted_close
2012-02-03,103.332542,34.3683,alpha-vantage,VT,adjusted_close
2012-02-10,102.562846,34.1123,alpha-vantage,VT,adjusted_close
2012-02-17,104.5394,34.7697,alpha-vantage,VT,adjusted_close
2012-02-24,105.245055,35.0044,alpha-vantage,VT,adjusted_close
2012-03-02,105.135313,34.9679,alpha-vantage,VT,adjusted_close
2012-03-09,104.651547,34.807,alpha-vantage,VT,adjusted_close
2012-03-16,106.916136,35.5602,alpha-vantage,VT,adjusted_close
2012-03-23,105.750769,35.1726,alpha-vantage,VT,adjusted_close
2012-03-30,106.124492,35.2969,alpha-vantage,VT,adjusted_close
2012-04-05,104.365617,34.7119,alpha-vantage,VT,adjusted_close
2012-04-13,102.628992,34.1343,alpha-vantage,VT,adjusted_close
2012-04-20,103.794058,34.5218,alpha-vantage,VT,adjusted_close
2012-04-27,105.311201,35.0264,alpha-vantage,VT,adjusted_close
2012-05-04,102.277217,34.0173,alpha-vantage,VT,adjusted_close
2012-05-11,100.650032,33.4761,alpha-vantage,VT,adjusted_close
2012-05-18,95.241718,31.6773,alpha-vantage,VT,adjusted_close
2012-05-25,96.033061,31.9405,alpha-vantage,VT,adjusted_close
2012-06-01,93.328904,31.0411,alpha-vantage,VT,adjusted_close
2012-06-08,96.75886,32.1819,alpha-vantage,VT,adjusted_close
2012-06-15,98.01202,32.5987,alpha-vantage,VT,adjusted_close
2012-06-22,97.989771,32.5913,alpha-vantage,VT,adjusted_close
2012-06-29,100.408299,33.3957,alpha-vantage,VT,adjusted_close
2012-07-06,99.792844,33.191,alpha-vantage,VT,adjusted_close
2012-07-13,99.506914,33.0959,alpha-vantage,VT,adjusted_close
2012-07-20,99.792844,33.191,alpha-vantage,VT,adjusted_close
2012-07-27,101.749554,33.8418,alpha-vantage,VT,adjusted_close
2012-08-03,102.321113,34.0319,alpha-vantage,VT,adjusted_close
2012-08-10,103.882152,34.5511,alpha-vantage,VT,adjusted_close
2012-08-17,104.875841,34.8816,alpha-vantage,VT,adjusted_close
2012-08-24,104.145833,34.6388,alpha-vantage,VT,adjusted_close
2012-08-31,103.640119,34.4706,alpha-vantage,VT,adjusted_close
2012-09-07,106.762197,35.509,alpha-vantage,VT,adjusted_close
2012-09-14,109.796181,36.5181,alpha-vantage,VT,adjusted_close
2012-09-21,108.564969,36.1086,alpha-vantage,VT,adjusted_close
2012-09-28,106.863821,35.5428,alpha-vantage,VT,adjusted_close
2012-10-05,108.68824,36.1496,alpha-vantage,VT,adjusted_close
2012-10-12,106.485588,35.417,alpha-vantage,VT,adjusted_close
2012-10-19,107.55354,35.7722,alpha-vantage,VT,adjusted_close
2012-10-26,106.329845,35.3652,alpha-vantage,VT,adjusted_close
2012-11-02,106.66358,35.4762,alpha-vantage,VT,adjusted_close
2012-11-09,104.683418,34.8176,alpha-vantage,VT,adjusted_close
2012-11-16,103.081489,34.2848,alpha-vantage,VT,adjusted_close
2012-11-23,107.175307,35.6464,alpha-vantage,VT,adjusted_close
2012-11-30,107.842778,35.8684,alpha-vantage,VT,adjusted_close
2012-12-07,108.665991,36.1422,alpha-vantage,VT,adjusted_close
2012-12-14,109.13322,36.2976,alpha-vantage,VT,adjusted_close
2012-12-21,110.669004,36.8084,alpha-vantage,VT,adjusted_close
2012-12-28,109.746572,36.5016,alpha-vantage,VT,adjusted_close
2013-01-04,113.526198,37.7587,alpha-vantage,VT,adjusted_close
2013-01-11,114.133837,37.9608,alpha-vantage,VT,adjusted_close
2013-01-18,114.718625,38.1553,alpha-vantage,VT,adjusted_close
2013-01-25,115.933602,38.5594,alpha-vantage,VT,adjusted_close
2013-02-01,116.720736,38.8212,alpha-vantage,VT,adjusted_close
2013-02-08,116.068599,38.6043,alpha-vantage,VT,adjusted_close
2013-02-15,116.021395,38.5886,alpha-vantage,VT,adjusted_close
2013-02-22,115.686157,38.4771,alpha-vantage,VT,adjusted_close
2013-03-01,115.573709,38.4397,alpha-vantage,VT,adjusted_close
2013-03-08,118.003361,39.2478,alpha-vantage,VT,adjusted_close
2013-03-15,118.160908,39.3002,alpha-vantage,VT,adjusted_close
2013-03-22,117.472392,39.0712,alpha-vantage,VT,adjusted_close
2013-03-28,117.991636,39.2439,alpha-vantage,VT,adjusted_close
2013-04-05,116.660002,38.801,alpha-vantage,VT,adjusted_close
2013-04-12,119.25562,39.6643,alpha-vantage,VT,adjusted_close
2013-04-19,116.8407,38.8611,alpha-vantage,VT,adjusted_close
2013-04-26,119.390918,39.7093,alpha-vantage,VT,adjusted_close
2013-05-03,122.212033,40.6476,alpha-vantage,VT,adjusted_close
2013-05-10,123.160022,40.9629,alpha-vantage,VT,adjusted_close
2013-05-17,124.694602,41.4733,alpha-vantage,VT,adjusted_close
2013-05-24,122.437831,40.7227,alpha-vantage,VT,adjusted_close
2013-05-31,120.474205,40.0696,alpha-vantage,VT,adjusted_close
2013-06-07,120.81275,40.1822,alpha-vantage,VT,adjusted_close
2013-06-14,119.345819,39.6943,alpha-vantage,VT,adjusted_close
2013-06-21,115.937811,38.5608,alpha-vantage,VT,adjusted_close
2013-06-28,117.27185,39.0045,alpha-vantage,VT,adjusted_close
2013-07-05,118.615209,39.4513,alpha-vantage,VT,adjusted_close
2013-07-12,122.371685,40.7007,alpha-vantage,VT,adjusted_close
2013-07-19,123.783295,41.1702,alpha-vantage,VT,adjusted_close
2013-07-26,123.942646,41.2232,alpha-vantage,VT,adjusted_close
2013-08-02,125.331405,41.6851,alpha-vantage,VT,adjusted_close
2013-08-09,124.784801,41.5033,alpha-vantage,VT,adjusted_close
2013-08-16,123.418892,41.049,alpha-vantage,VT,adjusted_close
2013-08-23,123.418892,41.049,alpha-vantage,VT,adjusted_close
2013-08-30,120.299821,40.0116,alpha-vantage,VT,adjusted_close
2013-09-06,123.21384,40.9808,alpha-vantage,VT,adjusted_close
2013-09-13,126.219261,41.9804,alpha-vantage,VT,adjusted_close
2013-09-20,128.336525,42.6846,alpha-vantage,VT,adjusted_close
2013-09-27,127.800144,42.5062,alpha-vantage,VT,adjusted_close
2013-10-04,127.61704,42.4453,alpha-vantage,VT,adjusted_close
2013-10-11,128.966112,42.894,alpha-vantage,VT,adjusted_close
2013-10-18,131.87021,43.8599,alpha-vantage,VT,adjusted_close
2013-10-25,132.624873,44.1109,alpha-vantage,VT,adjusted_close
2013-11-01,131.664557,43.7915,alpha-vantage,VT,adjusted_close
2013-11-08,131.344352,43.685,alpha-vantage,VT,adjusted_close
2013-11-15,133.379535,44.3619,alpha-vantage,VT,adjusted_close
2013-11-22,133.630889,44.4455,alpha-vantage,VT,adjusted_close
2013-11-29,133.767991,44.4911,alpha-vantage,VT,adjusted_close
2013-12-06,132.761975,44.1565,alpha-vantage,VT,adjusted_close
2013-12-13,130.475437,43.396,alpha-vantage,VT,adjusted_close
2013-12-20,133.502807,44.4029,alpha-vantage,VT,adjusted_close
2013-12-27,135.781226,45.1607,alpha-vantage,VT,adjusted_close
2014-01-03,134.810087,44.8377,alpha-vantage,VT,adjusted_close
2014-01-10,135.988382,45.2296,alpha-vantage,VT,adjusted_close
2014-01-17,135.643222,45.1148,alpha-vantage,VT,adjusted_close
2014-01-24,131.61585,43.7753,alpha-vantage,VT,adjusted_close
2014-01-31,130.626069,43.4461,alpha-vantage,VT,adjusted_close
2014-02-07,132.467326,44.0585,alpha-vantage,VT,adjusted_close
2014-02-14,135.528068,45.0765,alpha-vantage,VT,adjusted_close
2014-02-21,136.034384,45.2449,alpha-vantage,VT,adjusted_close
2014-02-28,137.438176,45.7118,alpha-vantage,VT,adjusted_close
2014-03-07,138.128497,45.9414,alpha-vantage,VT,adjusted_close
2014-03-14,134.676593,44.7933,alpha-vantage,VT,adjusted_close
2014-03-21,135.551219,45.0842,alpha-vantage,VT,adjusted_close
2014-03-28,136.921638,45.54,alpha-vantage,VT,adjusted_close
2014-04-04,137.824527,45.8403,alpha-vantage,VT,adjusted_close
2014-04-11,135.371123,45.0243,alpha-vantage,VT,adjusted_close
2014-04-17,138.078888,45.9249,alpha-vantage,VT,adjusted_close
2014-04-25,137.500413,45.7325,alpha-vantage,VT,adjusted_close
2014-05-02,139.444496,46.3791,alpha-vantage,VT,adjusted_close
2014-05-09,139.259288,46.3175,alpha-vantage,VT,adjusted_close
2014-05-16,139.699157,46.4638,alpha-vantage,VT,adjusted_close
2014-05-23,141.018163,46.9025,alpha-vantage,VT,adjusted_close
2014-05-30,141.967354,47.2182,alpha-vantage,VT,adjusted_close
2014-06-06,144.304703,47.9956,alpha-vantage,VT,adjusted_close
2014-06-13,143.679927,47.7878,alpha-vantage,VT,adjusted_close
2014-06-20,145.184141,48.2881,alpha-vantage,VT,adjusted_close
2014-06-27,144.965258,48.2153,alpha-vantage,VT,adjusted_close
2014-07-03,147.110484,48.9288,alpha-vantage,VT,adjusted_close
2014-07-11,144.708793,48.13,alpha-vantage,VT,adjusted_close
2014-07-18,145.478188,48.3859,alpha-vantage,VT,adjusted_close
2014-07-25,145.757804,48.4789,alpha-vantage,VT,adjusted_close
2014-08-01,142.073789,47.2536,alpha-vantage,VT,adjusted_close
2014-08-08,141.560859,47.083,alpha-vantage,VT,adjusted_close
2014-08-15,143.519373,47.7344,alpha-vantage,VT,adjusted_close
2014-08-22,145.408134,48.3626,alpha-vantage,VT,adjusted_close
2014-08-29,146.340789,48.6728,alpha-vantage,VT,adjusted_close
2014-09-05,146.737362,48.8047,alpha-vantage,VT,adjusted_close
2014-09-12,144.545534,48.0757,alpha-vantage,VT,adjusted_close
2014-09-19,144.801999,48.161,alpha-vantage,VT,adjusted_close
2014-09-26,142.367536,47.3513,alpha-vantage,VT,adjusted_close
2014-10-03,139.930968,46.5409,alpha-vantage,VT,adjusted_close
2014-10-10,135.081585,44.928,alpha-vantage,VT,adjusted_close
2014-10-17,134.940875,44.8812,alpha-vantage,VT,adjusted_close
2014-10-24,139.040707,46.2448,alpha-vantage,VT,adjusted_close
2014-10-31,142.789064,47.4915,alpha-vantage,VT,adjusted_close
2014-11-07,142.273729,47.3201,alpha-vantage,VT,adjusted_close
2014-11-14,143.046732,47.5772,alpha-vantage,VT,adjusted_close
2014-11-21,144.61649,48.0993,alpha-vantage,VT,adjusted_close
2014-11-28,144.593038,48.0915,alpha-vantage,VT,adjusted_close
2014-12-05,144.429177,48.037,alpha-vantage,VT,adjusted_close
2014-12-12,138.384962,46.0267,alpha-vantage,VT,adjusted_close
2014-12-19,142.179922,47.2889,alpha-vantage,VT,adjusted_close
2014-12-26,143.961948,47.8816,alpha-vantage,VT,adjusted_close
2015-01-02,141.345284,47.0113,alpha-vantage,VT,adjusted_close
2015-01-09,140.142935,46.6114,alpha-vantage,VT,adjusted_close
2015-01-16,140.119483,46.6036,alpha-vantage,VT,adjusted_close
2015-01-23,141.981786,47.223,alpha-vantage,VT,adjusted_close
2015-01-30,139.412025,46.3683,alpha-vantage,VT,adjusted_close
2015-02-06,143.042523,47.5758,alpha-vantage,VT,adjusted_close
2015-02-13,146.271937,48.6499,alpha-vantage,VT,adjusted_close
2015-02-20,147.89852,49.1909,alpha-vantage,VT,adjusted_close
2015-02-27,147.710005,49.1282,alpha-vantage,VT,adjusted_close
2015-03-06,144.998933,48.2265,alpha-vantage,VT,adjusted_close
2015-03-13,143.537413,47.7404,alpha-vantage,VT,adjusted_close
2015-03-20,148.369959,49.3477,alpha-vantage,VT,adjusted_close
2015-03-27,145.950529,48.543,alpha-vantage,VT,adjusted_close
2015-04-02,146.992925,48.8897,alpha-vantage,VT,adjusted_close
2015-04-10,149.930998,49.8669,alpha-vantage,VT,adjusted_close
2015-04-17,148.98301,49.5516,alpha-vantage,VT,adjusted_close
2015-04-24,151.802621,50.4894,alpha-vantage,VT,adjusted_close
2015-05-01,151.13936,50.2688,alpha-vantage,VT,adjusted_close
2015-05-08,151.541947,50.4027,alpha-vantage,VT,adjusted_close
2015-05-15,152.6556,50.7731,alpha-vantage,VT,adjusted_close
2015-05-22,152.32397,50.6628,alpha-vantage,VT,adjusted_close
2015-05-29,150.144168,49.9378,alpha-vantage,VT,adjusted_close
2015-06-05,148.55667,49.4098,alpha-vantage,VT,adjusted_close
2015-06-12,149.243684,49.6383,alpha-vantage,VT,adjusted_close
2015-06-19,149.646571,49.7723,alpha-vantage,VT,adjusted_close
2015-06-26,150.246092,49.9717,alpha-vantage,VT,adjusted_close
2015-07-02,147.621009,49.0986,alpha-vantage,VT,adjusted_close
2015-07-10,147.072,48.916,alpha-vantage,VT,adjusted_close
2015-07-17,149.506162,49.7256,alpha-vantage,VT,adjusted_close
2015-07-24,145.902724,48.5271,alpha-vantage,VT,adjusted_close
2015-07-31,147.549451,49.0748,alpha-vantage,VT,adjusted_close
2015-08-07,146.23676,48.6382,alpha-vantage,VT,adjusted_close
2015-08-14,146.069892,48.5827,alpha-vantage,VT,adjusted_close
2015-08-21,137.216287,45.638,alpha-vantage,VT,adjusted_close
2015-08-28,138.648342,46.1143,alpha-vantage,VT,adjusted_close
2015-09-04,133.255061,44.3205,alpha-vantage,VT,adjusted_close
2015-09-11,136.691331,45.4634,alpha-vantage,VT,adjusted_close
2015-09-18,136.476658,45.392,alpha-vantage,VT,adjusted_close
2015-09-25,133.372019,44.3594,alpha-vantage,VT,adjusted_close
2015-10-02,135.434562,45.0454,alpha-vantage,VT,adjusted_close
2015-10-09,141.094531,46.9279,alpha-vantage,VT,adjusted_close
2015-10-16,141.766211,47.1513,alpha-vantage,VT,adjusted_close
2015-10-23,143.612879,47.7655,alpha-vantage,VT,adjusted_close
2015-10-30,142.317926,47.3348,alpha-vantage,VT,adjusted_close
2015-11-06,143.253287,47.6459,alpha-vantage,VT,adjusted_close
2015-11-13,138.480573,46.0585,alpha-vantage,VT,adjusted_close
2015-11-20,142.821536,47.5023,alpha-vantage,VT,adjusted_close
2015-11-27,142.533501,47.4065,alpha-vantage,VT,adjusted_close
2015-12-04,142.629713,47.4385,alpha-vantage,VT,adjusted_close
2015-12-11,136.249959,45.3166,alpha-vantage,VT,adjusted_close
2015-12-18,136.465834,45.3884,alpha-vantage,VT,adjusted_close
2015-12-24,140.364523,46.6851,alpha-vantage,VT,adjusted_close
2015-12-31,139.085205,46.2596,alpha-vantage,VT,adjusted_close
2016-01-08,130.057517,43.257,alpha-vantage,VT,adjusted_close
2016-01-15,126.364481,42.0287,alpha-vantage,VT,adjusted_close
2016-01-22,128.585173,42.7673,alpha-vantage,VT,adjusted_close
2016-01-29,130.926431,43.546,alpha-vantage,VT,adjusted_close
2016-02-05,127.184989,42.3016,alpha-vantage,VT,adjusted_close
2016-02-12,124.819377,41.5148,alpha-vantage,VT,adjusted_close
2016-02-19,128.874711,42.8636,alpha-vantage,VT,adjusted_close
2016-02-26,130.323002,43.3453,alpha-vantage,VT,adjusted_close
2016-03-04,135.657654,45.1196,alpha-vantage,VT,adjusted_close
2016-03-11,137.371429,45.6896,alpha-vantage,VT,adjusted_close
2016-03-18,138.956822,46.2169,alpha-vantage,VT,adjusted_close
2016-03-24,137.042505,45.5802,alpha-vantage,VT,adjusted_close
2016-04-01,139.562657,46.4184,alpha-vantage,VT,adjusted_close
2016-04-08,137.987486,45.8945,alpha-vantage,VT,adjusted_close
2016-04-15,141.38016,47.0229,alpha-vantage,VT,adjusted_close
2016-04-22,142.955331,47.5468,alpha-vantage,VT,adjusted_close
2016-04-29,141.210587,46.9665,alpha-vantage,VT,adjusted_close
2016-05-06,139.58701,46.4265,alpha-vantage,VT,adjusted_close
2016-05-13,138.472154,46.0557,alpha-vantage,VT,adjusted_close
2016-05-20,139.199156,46.2975,alpha-vantage,VT,adjusted_close
2016-05-27,142.228329,47.305,alpha-vantage,VT,adjusted_close
2016-06-03,143.149258,47.6113,alpha-vantage,VT,adjusted_close
2016-06-10,141.622494,47.1035,alpha-vantage,VT,adjusted_close
2016-06-17,140.19074,46.6273,alpha-vantage,VT,adjusted_close
2016-06-24,137.625489,45.7741,alpha-vantage,VT,adjusted_close
2016-07-01,142.524181,47.4034,alpha-vantage,VT,adjusted_close
2016-07-08,142.804999,47.4968,alpha-vantage,VT,adjusted_close
2016-07-15,146.12792,48.602,alpha-vantage,VT,adjusted_close
2016-07-22,146.567488,48.7482,alpha-vantage,VT,adjusted_close
2016-07-29,147.764726,49.1464,alpha-vantage,VT,adjusted_close
2016-08-05,147.98451,49.2195,alpha-vantage,VT,adjusted_close
2016-08-12,149.474893,49.7152,alpha-vantage,VT,adjusted_close
2016-08-19,149.621616,49.764,alpha-vantage,VT,adjusted_close
2016-08-26,148.30231,49.3252,alpha-vantage,VT,adjusted_close
2016-09-02,150.134546,49.9346,alpha-vantage,VT,adjusted_close
2016-09-09,146.983004,48.8864,alpha-vantage,VT,adjusted_close
2016-09-16,146.376868,48.6848,alpha-vantage,VT,adjusted_close
2016-09-23,149.373269,49.6814,alpha-vantage,VT,adjusted_close
2016-09-30,149.446932,49.7059,alpha-vantage,VT,adjusted_close
2016-10-07,148.538029,49.4036,alpha-vantage,VT,adjusted_close
2016-10-14,146.499538,48.7256,alpha-vantage,VT,adjusted_close
2016-10-21,147.58042,49.0851,alpha-vantage,VT,adjusted_close
2016-10-28,146.32786,48.6685,alpha-vantage,VT,adjusted_close
2016-11-04,143.454129,47.7127,alpha-vantage,VT,adjusted_close
2016-11-11,146.032911,48.5704,alpha-vantage,VT,adjusted_close
2016-11-18,146.646863,48.7746,alpha-vantage,VT,adjusted_close
2016-11-25,148.759016,49.4771,alpha-vantage,VT,adjusted_close
2016-12-02,147.899422,49.1912,alpha-vantage,VT,adjusted_close
2016-12-09,152.639665,50.7678,alpha-vantage,VT,adjusted_close
2016-12-16,151.53443,50.4002,alpha-vantage,VT,adjusted_close
2016-12-23,151.645375,50.4371,alpha-vantage,VT,adjusted_close
2016-12-30,150.927994,50.1985,alpha-vantage,VT,adjusted_close
2017-01-06,154.070217,51.2436,alpha-vantage,VT,adjusted_close
2017-01-13,154.861861,51.5069,alpha-vantage,VT,adjusted_close
2017-01-20,154.367271,51.3424,alpha-vantage,VT,adjusted_close
2017-01-27,156.296922,51.9842,alpha-vantage,VT,adjusted_close
2017-02-03,156.767158,52.1406,alpha-vantage,VT,adjusted_close
2017-02-10,157.905165,52.5191,alpha-vantage,VT,adjusted_close
2017-02-17,159.90938,53.1857,alpha-vantage,VT,adjusted_close
2017-02-24,160.379616,53.3421,alpha-vantage,VT,adjusted_close
2017-03-03,160.998079,53.5478,alpha-vantage,VT,adjusted_close
2017-03-10,160.527843,53.3914,alpha-vantage,VT,adjusted_close
2017-03-17,162.532058,54.058,alpha-vantage,VT,adjusted_close
2017-03-24,161.146606,53.5972,alpha-vantage,VT,adjusted_close
2017-03-31,161.993271,53.8788,alpha-vantage,VT,adjusted_close
2017-04-07,161.372403,53.6723,alpha-vantage,VT,adjusted_close
2017-04-13,160.204931,53.284,alpha-vantage,VT,adjusted_close
2017-04-21,161.471622,53.7053,alpha-vantage,VT,adjusted_close
2017-04-28,164.626171,54.7545,alpha-vantage,VT,adjusted_close
2017-05-05,166.613249,55.4154,alpha-vantage,VT,adjusted_close
2017-05-12,166.0916,55.2419,alpha-vantage,VT,adjusted_close
2017-05-19,166.712468,55.4484,alpha-vantage,VT,adjusted_close
2017-05-26,168.078677,55.9028,alpha-vantage,VT,adjusted_close
2017-06-02,170.090409,56.5719,alpha-vantage,VT,adjusted_close
2017-06-09,168.997802,56.2085,alpha-vantage,VT,adjusted_close
2017-06-16,169.121976,56.2498,alpha-vantage,VT,adjusted_close
2017-06-23,169.072066,56.2332,alpha-vantage,VT,adjusted_close
2017-06-30,168.879943,56.1693,alpha-vantage,VT,adjusted_close
2017-07-07,168.480062,56.0363,alpha-vantage,VT,adjusted_close
2017-07-14,172.005929,57.209,alpha-vantage,VT,adjusted_close
2017-07-21,172.956323,57.5251,alpha-vantage,VT,adjusted_close
2017-07-28,173.331549,57.6499,alpha-vantage,VT,adjusted_close
2017-08-04,174.056747,57.8911,alpha-vantage,VT,adjusted_close
2017-08-11,170.955715,56.8597,alpha-vantage,VT,adjusted_close
2017-08-18,170.955715,56.8597,alpha-vantage,VT,adjusted_close
2017-08-25,172.681217,57.4336,alpha-vantage,VT,adjusted_close
2017-09-01,174.606959,58.0741,alpha-vantage,VT,adjusted_close
2017-09-08,174.557049,58.0575,alpha-vantage,VT,adjusted_close
2017-09-15,176.632521,58.7478,alpha-vantage,VT,adjusted_close
2017-09-22,177.157779,58.9225,alpha-vantage,VT,adjusted_close
2017-09-29,177.748881,59.1191,alpha-vantage,VT,adjusted_close
2017-10-06,179.307214,59.6374,alpha-vantage,VT,adjusted_close
2017-10-13,180.941013,60.1808,alpha-vantage,VT,adjusted_close
2017-10-20,181.267833,60.2895,alpha-vantage,VT,adjusted_close
2017-10-27,181.142156,60.2477,alpha-vantage,VT,adjusted_close
2017-11-03,182.247992,60.6155,alpha-vantage,VT,adjusted_close
2017-11-10,181.594653,60.3982,alpha-vantage,VT,adjusted_close
2017-11-17,181.468976,60.3564,alpha-vantage,VT,adjusted_close
2017-11-24,184.10789,61.2341,alpha-vantage,VT,adjusted_close
2017-12-01,184.535131,61.3762,alpha-vantage,VT,adjusted_close
2017-12-08,184.711018,61.4347,alpha-vantage,VT,adjusted_close
2017-12-15,185.666223,61.7524,alpha-vantage,VT,adjusted_close
2017-12-22,187.484629,62.3572,alpha-vantage,VT,adjusted_close
2017-12-29,187.88932,62.4918,alpha-vantage,VT,adjusted_close
2018-01-05,193.076047,64.2169,alpha-vantage,VT,adjusted_close
2018-01-12,195.935346,65.1679,alpha-vantage,VT,adjusted_close
2018-01-19,197.655736,65.7401,alpha-vantage,VT,adjusted_close
2018-01-26,201.72941,67.095,alpha-vantage,VT,adjusted_close
2018-02-02,193.70864,64.4273,alpha-vantage,VT,adjusted_close
2018-02-09,183.714623,61.1033,alpha-vantage,VT,adjusted_close
2018-02-16,191.785904,63.7878,alpha-vantage,VT,adjusted_close
2018-02-23,192.519521,64.0318,alpha-vantage,VT,adjusted_close
2018-03-02,188.015899,62.5339,alpha-vantage,VT,adjusted_close
2018-03-09,193.556806,64.3768,alpha-vantage,VT,adjusted_close
2018-03-16,191.937739,63.8383,alpha-vantage,VT,adjusted_close
2018-03-23,182.930195,60.8424,alpha-vantage,VT,adjusted_close
2018-03-29,186.945541,62.1779,alpha-vantage,VT,adjusted_close
2018-04-06,184.609394,61.4009,alpha-vantage,VT,adjusted_close
2018-04-13,188.214938,62.6001,alpha-vantage,VT,adjusted_close
2018-04-20,188.95126,62.845,alpha-vantage,VT,adjusted_close
2018-04-27,189.002072,62.8619,alpha-vantage,VT,adjusted_close
2018-05-04,188.443441,62.6761,alpha-vantage,VT,adjusted_close
2018-05-11,192.048683,63.8752,alpha-vantage,VT,adjusted_close
2018-05-18,190.880911,63.4868,alpha-vantage,VT,adjusted_close
2018-05-25,190.271468,63.2841,alpha-vantage,VT,adjusted_close
2018-06-01,190.626851,63.4023,alpha-vantage,VT,adjusted_close
2018-06-08,192.988253,64.1877,alpha-vantage,VT,adjusted_close
2018-06-15,192.07424,63.8837,alpha-vantage,VT,adjusted_close
2018-06-22,190.071227,63.2175,alpha-vantage,VT,adjusted_close
2018-06-29,187.66683,62.4178,alpha-vantage,VT,adjusted_close
2018-07-06,189.482831,63.0218,alpha-vantage,VT,adjusted_close
2018-07-13,191.298831,63.6258,alpha-vantage,VT,adjusted_close
2018-07-20,191.554695,63.7109,alpha-vantage,VT,adjusted_close
2018-07-27,192.98705,64.1873,alpha-vantage,VT,adjusted_close
2018-08-03,193.063719,64.2128,alpha-vantage,VT,adjusted_close
2018-08-10,191.068825,63.5493,alpha-vantage,VT,adjusted_close
2018-08-17,191.094381,63.5578,alpha-vantage,VT,adjusted_close
2018-08-24,193.601003,64.3915,alpha-vantage,VT,adjusted_close
2018-08-31,194.726382,64.7658,alpha-vantage,VT,adjusted_close
2018-09-07,190.940742,63.5067,alpha-vantage,VT,adjusted_close
2018-09-14,193.472921,64.3489,alpha-vantage,VT,adjusted_close
2018-09-21,196.389045,65.3188,alpha-vantage,VT,adjusted_close
2018-09-28,194.880923,64.8172,alpha-vantage,VT,adjusted_close
2018-10-05,191.282896,63.6205,alpha-vantage,VT,adjusted_close
2018-10-12,183.830078,61.1417,alpha-vantage,VT,adjusted_close
2018-10-19,183.238975,60.9451,alpha-vantage,VT,adjusted_close
2018-10-26,176.659882,58.7569,alpha-vantage,VT,adjusted_close
2018-11-02,182.082628,60.5605,alpha-vantage,VT,adjusted_close
2018-11-09,183.701695,61.099,alpha-vantage,VT,adjusted_close
2018-11-16,182.082628,60.5605,alpha-vantage,VT,adjusted_close
2018-11-23,176.814122,58.8082,alpha-vantage,VT,adjusted_close
2018-11-30,182.7507,60.7827,alpha-vantage,VT,adjusted_close
2018-12-07,175.580504,58.3979,alpha-vantage,VT,adjusted_close
2018-12-14,174.064264,57.8936,alpha-vantage,VT,adjusted_close
2018-12-21,164.503802,54.7138,alpha-vantage,VT,adjusted_close
2018-12-28,168.566051,56.0649,alpha-vantage,VT,adjusted_close
2019-01-04,172.114468,57.2451,alpha-vantage,VT,adjusted_close
2019-01-11,176.336369,58.6493,alpha-vantage,VT,adjusted_close
2019-01-18,180.506556,60.0363,alpha-vantage,VT,adjusted_close
2019-01-25,180.713712,60.1052,alpha-vantage,VT,adjusted_close
2019-02-01,183.122619,60.9064,alpha-vantage,VT,adjusted_close
2019-02-08,182.449135,60.6824,alpha-vantage,VT,adjusted_close
2019-02-15,186.748607,62.1124,alpha-vantage,VT,adjusted_close
2019-02-22,188.406459,62.6638,alpha-vantage,VT,adjusted_close
2019-03-01,189.209228,62.9308,alpha-vantage,VT,adjusted_close
2019-03-08,185.272355,61.6214,alpha-vantage,VT,adjusted_close
2019-03-15,190.556195,63.3788,alpha-vantage,VT,adjusted_close
2019-03-22,188.354445,62.6465,alpha-vantage,VT,adjusted_close
2019-03-29,190.255533,63.2788,alpha-vantage,VT,adjusted_close
2019-04-05,194.519827,64.6971,alpha-vantage,VT,adjusted_close
2019-04-12,195.559818,65.043,alpha-vantage,VT,adjusted_close
2019-04-18,195.611833,65.0603,alpha-vantage,VT,adjusted_close
2019-04-26,196.417909,65.3284,alpha-vantage,VT,adjusted_close
2019-05-03,197.17197,65.5792,alpha-vantage,VT,adjusted_close
2019-05-10,192.335816,63.9707,alpha-vantage,VT,adjusted_close
2019-05-17,190.203518,63.2615,alpha-vantage,VT,adjusted_close
2019-05-24,188.669539,62.7513,alpha-vantage,VT,adjusted_close
2019-05-31,185.107291,61.5665,alpha-vantage,VT,adjusted_close
2019-06-07,192.023728,63.8669,alpha-vantage,VT,adjusted_close
2019-06-14,192.075743,63.8842,alpha-vantage,VT,adjusted_close
2019-06-21,196.817489,65.4613,alpha-vantage,VT,adjusted_close
2019-06-28,196.895962,65.4874,alpha-vantage,VT,adjusted_close
2019-07-05,199.384845,66.3152,alpha-vantage,VT,adjusted_close
2019-07-12,199.882441,66.4807,alpha-vantage,VT,adjusted_close
2019-07-19,198.336736,65.9666,alpha-vantage,VT,adjusted_close
2019-07-26,200.039687,66.533,alpha-vantage,VT,adjusted_close
2019-08-02,193.516517,64.3634,alpha-vantage,VT,adjusted_close
2019-08-09,192.232989,63.9365,alpha-vantage,VT,adjusted_close
2019-08-16,190.268161,63.283,alpha-vantage,VT,adjusted_close
2019-08-23,188.093771,62.5598,alpha-vantage,VT,adjusted_close
2019-08-30,192.757044,64.1108,alpha-vantage,VT,adjusted_close
2019-09-06,196.634085,65.4003,alpha-vantage,VT,adjusted_close
2019-09-13,199.541791,66.3674,alpha-vantage,VT,adjusted_close
2019-09-20,198.52014,66.0276,alpha-vantage,VT,adjusted_close
2019-09-27,196.432641,65.3333,alpha-vantage,VT,adjusted_close
2019-10-04,195.352361,64.974,alpha-vantage,VT,adjusted_close
2019-10-11,197.723986,65.7628,alpha-vantage,VT,adjusted_close
2019-10-18,199.120262,66.2272,alpha-vantage,VT,adjusted_close
2019-10-25,201.728809,67.0948,alpha-vantage,VT,adjusted_close
2019-11-01,204.653652,68.0676,alpha-vantage,VT,adjusted_close
2019-11-08,206.445299,68.6635,alpha-vantage,VT,adjusted_close
2019-11-15,207.209583,68.9177,alpha-vantage,VT,adjusted_close
2019-11-22,206.524373,68.6898,alpha-vantage,VT,adjusted_close
2019-11-29,207.841876,69.128,alpha-vantage,VT,adjusted_close
2019-12-06,208.86954,69.4698,alpha-vantage,VT,adjusted_close
2019-12-13,211.16209,70.2323,alpha-vantage,VT,adjusted_close
2019-12-20,214.139249,71.2225,alpha-vantage,VT,adjusted_close
2019-12-27,215.599867,71.7083,alpha-vantage,VT,adjusted_close
2020-01-03,215.228248,71.5847,alpha-vantage,VT,adjusted_close
2020-01-10,216.847916,72.1234,alpha-vantage,VT,adjusted_close
2020-01-17,220.564704,73.3596,alpha-vantage,VT,adjusted_close
2020-01-24,217.485019,72.3353,alpha-vantage,VT,adjusted_close
2020-01-31,211.670811,70.4015,alpha-vantage,VT,adjusted_close
2020-02-07,217.219535,72.247,alpha-vantage,VT,adjusted_close
2020-02-14,220.166326,73.2271,alpha-vantage,VT,adjusted_close
2020-02-21,217.378886,72.3,alpha-vantage,VT,adjusted_close
2020-02-28,196.378823,65.3154,alpha-vantage,VT,adjusted_close
2020-03-06,195.131074,64.9004,alpha-vantage,VT,adjusted_close
2020-03-13,173.09583,57.5715,alpha-vantage,VT,adjusted_close
2020-03-20,148.750898,49.4744,alpha-vantage,VT,adjusted_close
2020-03-27,164.653532,54.7636,alpha-vantage,VT,adjusted_close
2020-04-03,160.441853,53.3628,alpha-vantage,VT,adjusted_close
2020-04-09,178.274739,59.294,alpha-vantage,VT,adjusted_close
2020-04-17,181.553462,60.3845,alpha-vantage,VT,adjusted_close
2020-04-24,179.394105,59.6663,alpha-vantage,VT,adjusted_close
2020-05-01,179.953939,59.8525,alpha-vantage,VT,adjusted_close
2020-05-08,186.378191,61.9892,alpha-vantage,VT,adjusted_close
2020-05-15,181.766632,60.4554,alpha-vantage,VT,adjusted_close
2020-05-22,187.684268,62.4236,alpha-vantage,VT,adjusted_close
2020-05-29,194.374908,64.6489,alpha-vantage,VT,adjusted_close
2020-06-05,206.476568,68.6739,alpha-vantage,VT,adjusted_close
2020-06-12,197.440161,65.6684,alpha-vantage,VT,adjusted_close
2020-06-19,200.612449,66.7235,alpha-vantage,VT,adjusted_close
2020-06-26,196.693616,65.4201,alpha-vantage,VT,adjusted_close
2020-07-02,203.496403,67.6827,alpha-vantage,VT,adjusted_close
2020-07-10,207.192445,68.912,alpha-vantage,VT,adjusted_close
2020-07-17,209.710192,69.7494,alpha-vantage,VT,adjusted_close
2020-07-24,209.683433,69.7405,alpha-vantage,VT,adjusted_close
2020-07-31,210.942306,70.1592,alpha-vantage,VT,adjusted_close
2020-08-07,216.111293,71.8784,alpha-vantage,VT,adjusted_close
2020-08-14,218.280572,72.5999,alpha-vantage,VT,adjusted_close
2020-08-21,218.976906,72.8315,alpha-vantage,VT,adjusted_close
2020-08-28,224.896046,74.8002,alpha-vantage,VT,adjusted_close
2020-09-04,220.182262,73.2324,alpha-vantage,VT,adjusted_close
2020-09-11,216.807627,72.11,alpha-vantage,VT,adjusted_close
2020-09-18,217.343408,72.2882,alpha-vantage,VT,adjusted_close
2020-09-25,213.462758,70.9975,alpha-vantage,VT,adjusted_close
2020-10-02,217.419776,72.3136,alpha-vantage,VT,adjusted_close
2020-10-09,225.36087,74.9548,alpha-vantage,VT,adjusted_close
2020-10-16,224.391535,74.6324,alpha-vantage,VT,adjusted_close
2020-10-23,224.633868,74.713,alpha-vantage,VT,adjusted_close
2020-10-30,212.62842,70.72,alpha-vantage,VT,adjusted_close
2020-11-06,228.45649,75.9844,alpha-vantage,VT,adjusted_close
2020-11-13,234.539791,78.0077,alpha-vantage,VT,adjusted_close
2020-11-20,236.074372,78.5181,alpha-vantage,VT,adjusted_close
2020-11-27,241.646247,80.3713,alpha-vantage,VT,adjusted_close
2020-12-04,245.791779,81.7501,alpha-vantage,VT,adjusted_close
2020-12-11,244.338077,81.2666,alpha-vantage,VT,adjusted_close
2020-12-18,248.348913,82.6006,alpha-vantage,VT,adjusted_close
2020-12-24,248.041335,82.4983,alpha-vantage,VT,adjusted_close
2020-12-31,250.722341,83.39,alpha-vantage,VT,adjusted_close
2021-01-08,258.711542,86.0472,alpha-vantage,VT,adjusted_close
2021-01-15,255.326384,84.9213,alpha-vantage,VT,adjusted_close
2021-01-22,259.523931,86.3174,alpha-vantage,VT,adjusted_close
2021-01-29,250.153789,83.2009,alpha-vantage,VT,adjusted_close
2021-02-05,261.744623,87.056,alpha-vantage,VT,adjusted_close
2021-02-12,266.971338,88.7944,alpha-vantage,VT,adjusted_close
2021-02-19,265.698634,88.3711,alpha-vantage,VT,adjusted_close
2021-02-26,256.842925,85.4257,alpha-vantage,VT,adjusted_close
2021-03-05,258.196808,85.876,alpha-vantage,VT,adjusted_close
2021-03-12,264.940364,88.1189,alpha-vantage,VT,adjusted_close
2021-03-19,263.342343,87.5874,alpha-vantage,VT,adjusted_close
2021-03-26,264.705546,88.0408,alpha-vantage,VT,adjusted_close
2021-04-01,267.637906,89.0161,alpha-vantage,VT,adjusted_close
2021-04-09,272.443693,90.6145,alpha-vantage,VT,adjusted_close
2021-04-16,276.489406,91.9601,alpha-vantage,VT,adjusted_close
2021-04-23,276.353507,91.9149,alpha-vantage,VT,adjusted_close
2021-04-30,275.077496,91.4905,alpha-vantage,VT,adjusted_close
2021-05-07,279.313227,92.8993,alpha-vantage,VT,adjusted_close
2021-05-14,275.023076,91.4724,alpha-vantage,VT,adjusted_close
2021-05-21,275.294574,91.5627,alpha-vantage,VT,adjusted_close
2021-05-28,279.421766,92.9354,alpha-vantage,VT,adjusted_close
2021-06-04,282.001149,93.7933,alpha-vantage,VT,adjusted_close
2021-06-11,283.27746,94.2178,alpha-vantage,VT,adjusted_close
2021-06-18,276.462347,91.9511,alpha-vantage,VT,adjusted_close
2021-06-25,283.714924,94.3633,alpha-vantage,VT,adjusted_close
2021-07-02,284.942829,94.7717,alpha-vantage,VT,adjusted_close
2021-07-09,285.106389,94.8261,alpha-vantage,VT,adjusted_close
2021-07-16,281.259414,93.5466,alpha-vantage,VT,adjusted_close
2021-07-23,285.352031,94.9078,alpha-vantage,VT,adjusted_close
2021-07-30,284.451547,94.6083,alpha-vantage,VT,adjusted_close
2021-08-06,287.016497,95.4614,alpha-vantage,VT,adjusted_close
2021-08-13,288.899245,96.0876,alpha-vantage,VT,adjusted_close
2021-08-20,283.878785,94.4178,alpha-vantage,VT,adjusted_close
2021-08-27,290.07243,96.4778,alpha-vantage,VT,adjusted_close
2021-09-03,293.728785,97.6939,alpha-vantage,VT,adjusted_close
2021-09-10,289.226666,96.1965,alpha-vantage,VT,adjusted_close
2021-09-17,286.770856,95.3797,alpha-vantage,VT,adjusted_close
2021-09-24,287.372482,95.5798,alpha-vantage,VT,adjusted_close
2021-10-01,281.208603,93.5297,alpha-vantage,VT,adjusted_close
2021-10-08,282.57812,93.9852,alpha-vantage,VT,adjusted_close
2021-10-15,288.82438,96.0627,alpha-vantage,VT,adjusted_close
2021-10-22,292.275984,97.2107,alpha-vantage,VT,adjusted_close
2021-10-29,293.317178,97.557,alpha-vantage,VT,adjusted_close
2021-11-05,298.604325,99.3155,alpha-vantage,VT,adjusted_close
2021-11-12,298.439863,99.2608,alpha-vantage,VT,adjusted_close
2021-11-19,296.467518,98.6048,alpha-vantage,VT,adjusted_close
2021-11-26,287.454562,95.6071,alpha-vantage,VT,adjusted_close
2021-12-03,284.331582,94.5684,alpha-vantage,VT,adjusted_close
2021-12-10,293.344538,97.5661,alpha-vantage,VT,adjusted_close
2021-12-17,287.920288,95.762,alpha-vantage,VT,adjusted_close
2021-12-23,294.6891,98.0133,alpha-vantage,VT,adjusted_close
2021-12-31,296.538474,98.6284,alpha-vantage,VT,adjusted_close
2022-01-07,292.591078,97.3155,alpha-vantage,VT,adjusted_close
2022-01-14,292.922408,97.4257,alpha-vantage,VT,adjusted_close
2022-01-21,279.093443,92.8262,alpha-vantage,VT,adjusted_close
2022-01-28,277.161086,92.1835,alpha-vantage,VT,adjusted_close
2022-02-04,282.571204,93.9829,alpha-vantage,VT,adjusted_close
2022-02-11,279.921467,93.1016,alpha-vantage,VT,adjusted_close
2022-02-18,276.802396,92.0642,alpha-vantage,VT,adjusted_close
2022-02-25,276.830057,92.0734,alpha-vantage,VT,adjusted_close
2022-03-04,267.720889,89.0437,alpha-vantage,VT,adjusted_close
2022-03-11,261.289421,86.9046,alpha-vantage,VT,adjusted_close
2022-03-18,277.906428,92.4314,alpha-vantage,VT,adjusted_close
2022-03-25,280.695673,93.3591,alpha-vantage,VT,adjusted_close
2022-04-01,282.106982,93.8285,alpha-vantage,VT,adjusted_close
2022-04-08,277.153269,92.1809,alpha-vantage,VT,adjusted_close
2022-04-14,272.863719,90.7542,alpha-vantage,VT,adjusted_close
2022-04-22,265.059727,88.1586,alpha-vantage,VT,adjusted_close
2022-04-29,257.615627,85.6827,alpha-vantage,VT,adjusted_close
2022-05-06,254.433116,84.6242,alpha-vantage,VT,adjusted_close
2022-05-13,250.060583,83.1699,alpha-vantage,VT,adjusted_close
2022-05-20,247.265626,82.2403,alpha-vantage,VT,adjusted_close
2022-05-27,260.161636,86.5295,alpha-vantage,VT,adjusted_close
2022-06-03,257.947558,85.7931,alpha-vantage,VT,adjusted_close
2022-06-10,245.826656,81.7617,alpha-vantage,VT,adjusted_close
2022-06-17,232.377127,77.2884,alpha-vantage,VT,adjusted_close
2022-06-24,244.431883,81.2978,alpha-vantage,VT,adjusted_close
2022-07-01,239.304087,79.5923,alpha-vantage,VT,adjusted_close
2022-07-08,241.895796,80.4543,alpha-vantage,VT,adjusted_close
2022-07-15,238.217192,79.2308,alpha-vantage,VT,adjusted_close
2022-07-22,245.156179,81.5387,alpha-vantage,VT,adjusted_close
2022-07-29,254.436423,84.6253,alpha-vantage,VT,adjusted_close
2022-08-05,254.659515,84.6995,alpha-vantage,VT,adjusted_close
2022-08-12,262.936148,87.4523,alpha-vantage,VT,adjusted_close
2022-08-19,257.585561,85.6727,alpha-vantage,VT,adjusted_close
2022-08-26,249.587341,83.0125,alpha-vantage,VT,adjusted_close
2022-09-02,241.1712,80.2133,alpha-vantage,VT,adjusted_close
2022-09-09,249.280665,82.9105,alpha-vantage,VT,adjusted_close
2022-09-16,238.858205,79.444,alpha-vantage,VT,adjusted_close
2022-09-23,226.315172,75.2722,alpha-vantage,VT,adjusted_close
2022-09-30,220.855144,73.4562,alpha-vantage,VT,adjusted_close
2022-10-07,224.690994,74.732,alpha-vantage,VT,adjusted_close
2022-10-14,220.295311,73.27,alpha-vantage,VT,adjusted_close
2022-10-21,229.479042,76.3245,alpha-vantage,VT,adjusted_close
2022-10-28,236.618571,78.6991,alpha-vantage,VT,adjusted_close
2022-11-04,234.042796,77.8424,alpha-vantage,VT,adjusted_close
2022-11-11,248.882288,82.778,alpha-vantage,VT,adjusted_close
2022-11-18,246.866347,82.1075,alpha-vantage,VT,adjusted_close
2022-11-25,250.75812,83.4019,alpha-vantage,VT,adjusted_close
2022-12-02,254.845926,84.7615,alpha-vantage,VT,adjusted_close
2022-12-09,247.958352,82.4707,alpha-vantage,VT,adjusted_close
2022-12-16,243.030496,80.8317,alpha-vantage,VT,adjusted_close
2022-12-23,243.45894,80.9742,alpha-vantage,VT,adjusted_close
2022-12-30,243.120695,80.8617,alpha-vantage,VT,adjusted_close
2023-01-06,249.298104,82.9163,alpha-vantage,VT,adjusted_close
2023-01-13,256.913881,85.4493,alpha-vantage,VT,adjusted_close
2023-01-20,256.88592,85.44,alpha-vantage,VT,adjusted_close
2023-01-27,261.90668,87.1099,alpha-vantage,VT,adjusted_close
2023-02-03,263.740119,87.7197,alpha-vantage,VT,adjusted_close
2023-02-10,260.214252,86.547,alpha-vantage,VT,adjusted_close
2023-02-17,260.299039,86.5752,alpha-vantage,VT,adjusted_close
2023-02-24,253.07773,84.1734,alpha-vantage,VT,adjusted_close
2023-03-03,258.888632,86.1061,alpha-vantage,VT,adjusted_close
2023-03-10,247.549151,82.3346,alpha-vantage,VT,adjusted_close
2023-03-17,247.323353,82.2595,alpha-vantage,VT,adjusted_close
2023-03-24,251.574418,83.6734,alpha-vantage,VT,adjusted_close
2023-03-31,260.601505,86.6758,alpha-vantage,VT,adjusted_close
2023-04-06,260.29032,86.5723,alpha-vantage,VT,adjusted_close
2023-04-14,263.459902,87.6265,alpha-vantage,VT,adjusted_close
2023-04-21,263.035367,87.4853,alpha-vantage,VT,adjusted_close
2023-04-28,264.308672,87.9088,alpha-vantage,VT,adjusted_close
2023-05-05,263.629476,87.6829,alpha-vantage,VT,adjusted_close
2023-05-12,261.875111,87.0994,alpha-vantage,VT,adjusted_close
2023-05-19,265.299054,88.2382,alpha-vantage,VT,adjusted_close
2023-05-26,263.997486,87.8053,alpha-vantage,VT,adjusted_close
2023-06-02,268.496899,89.3018,alpha-vantage,VT,adjusted_close
2023-06-09,269.96834,89.7912,alpha-vantage,VT,adjusted_close
2023-06-16,276.703478,92.0313,alpha-vantage,VT,adjusted_close
2023-06-23,270.027871,89.811,alpha-vantage,VT,adjusted_close
2023-06-30,276.29578,91.8957,alpha-vantage,VT,adjusted_close
2023-07-07,272.933773,90.7775,alpha-vantage,VT,adjusted_close
2023-07-14,281.566391,93.6487,alpha-vantage,VT,adjusted_close
2023-07-21,282.506562,93.9614,alpha-vantage,VT,adjusted_close
2023-07-28,285.953656,95.1079,alpha-vantage,VT,adjusted_close
2023-08-04,278.973779,92.7864,alpha-vantage,VT,adjusted_close
2023-08-11,277.577804,92.3221,alpha-vantage,VT,adjusted_close
2023-08-18,270.483676,89.9626,alpha-vantage,VT,adjusted_close
2023-08-25,272.506532,90.6354,alpha-vantage,VT,adjusted_close
2023-09-01,279.40102,92.9285,alpha-vantage,VT,adjusted_close
2023-09-08,275.013755,91.4693,alpha-vantage,VT,adjusted_close
2023-09-15,276.238654,91.8767,alpha-vantage,VT,adjusted_close
2023-09-22,268.960219,89.4559,alpha-vantage,VT,adjusted_close
2023-09-29,266.585588,88.6661,alpha-vantage,VT,adjusted_close
2023-10-06,266.185106,88.5329,alpha-vantage,VT,adjusted_close
2023-10-13,266.41391,88.609,alpha-vantage,VT,adjusted_close
2023-10-20,259.747925,86.3919,alpha-vantage,VT,adjusted_close
2023-10-27,254.541054,84.6601,alpha-vantage,VT,adjusted_close
2023-11-03,269.933163,89.7795,alpha-vantage,VT,adjusted_close
2023-11-10,270.991494,90.1315,alpha-vantage,VT,adjusted_close
2023-11-17,278.802101,92.7293,alpha-vantage,VT,adjusted_close
2023-11-24,281.319848,93.5667,alpha-vantage,VT,adjusted_close
2023-12-01,284.552569,94.6419,alpha-vantage,VT,adjusted_close
2023-12-08,284.352328,94.5753,alpha-vantage,VT,adjusted_close
2023-12-15,291.275981,96.8781,alpha-vantage,VT,adjusted_close
2023-12-22,294.758252,98.0363,alpha-vantage,VT,adjusted_close
2023-12-29,296.661445,98.6693,alpha-vantage,VT,adjusted_close
2024-01-05,291.615128,96.9909,alpha-vantage,VT,adjusted_close
2024-01-12,295.479241,98.2761,alpha-vantage,VT,adjusted_close
2024-01-19,295.450377,98.2665,alpha-vantage,VT,adjusted_close
2024-01-26,298.881837,99.4078,alpha-vantage,VT,adjusted_close
2024-02-02,301.246245,100.1942,alpha-vantage,VT,adjusted_close
2024-02-09,304.793159,101.3739,alpha-vantage,VT,adjusted_close
2024-02-16,305.600438,101.6424,alpha-vantage,VT,adjusted_close
2024-02-23,310.041221,103.1194,alpha-vantage,VT,adjusted_close
2024-03-01,312.751692,104.0209,alpha-vantage,VT,adjusted_close
2024-03-08,314.049351,104.4525,alpha-vantage,VT,adjusted_close
2024-03-15,313.043635,104.118,alpha-vantage,VT,adjusted_close
2024-03-22,318.399033,105.8992,alpha-vantage,VT,adjusted_close
2024-03-28,319.875285,106.3902,alpha-vantage,VT,adjusted_close
2024-04-05,317.298909,105.5333,alpha-vantage,VT,adjusted_close
2024-04-12,311.509355,103.6077,alpha-vantage,VT,adjusted_close
2024-04-19,303.780228,101.037,alpha-vantage,VT,adjusted_close
2024-04-26,311.827757,103.7136,alpha-vantage,VT,adjusted_close
2024-05-03,314.92518,104.7438,alpha-vantage,VT,adjusted_close
2024-05-10,320.106795,106.4672,alpha-vantage,VT,adjusted_close
2024-05-17,325.607112,108.2966,alpha-vantage,VT,adjusted_close
2024-05-24,324.188587,107.8248,alpha-vantage,VT,adjusted_close
2024-05-31,322.59628,107.2952,alpha-vantage,VT,adjusted_close
2024-06-07,324.246315,107.844,alpha-vantage,VT,adjusted_close
2024-06-14,325.404466,108.2292,alpha-vantage,VT,adjusted_close
2024-06-21,327.135079,108.8048,alpha-vantage,VT,adjusted_close
2024-06-28,327.717161,108.9984,alpha-vantage,VT,adjusted_close
2024-07-05,333.769194,111.0113,alpha-vantage,VT,adjusted_close
2024-07-12,338.744855,112.6662,alpha-vantage,VT,adjusted_close
2024-07-19,331.878027,110.3823,alpha-vantage,VT,adjusted_close
2024-07-26,330.364794,109.879,alpha-vantage,VT,adjusted_close
2024-08-02,322.130554,107.1403,alpha-vantage,VT,adjusted_close
2024-08-09,323.032541,107.4403,alpha-vantage,VT,adjusted_close
2024-08-16,335.107742,111.4565,alpha-vantage,VT,adjusted_close
2024-08-23,341.596337,113.6146,alpha-vantage,VT,adjusted_close
2024-08-30,342.003734,113.7501,alpha-vantage,VT,adjusted_close
2024-09-06,328.298943,109.1919,alpha-vantage,VT,adjusted_close
2024-09-13,339.384965,112.8791,alpha-vantage,VT,adjusted_close
2024-09-20,344.265617,114.5024,alpha-vantage,VT,adjusted_close
2024-09-27,349.258717,116.1631,alpha-vantage,VT,adjusted_close
2024-10-04,348.966774,116.066,alpha-vantage,VT,adjusted_close
2024-10-11,350.660405,116.6293,alpha-vantage,VT,adjusted_close
2024-10-18,352.061792,117.0954,alpha-vantage,VT,adjusted_close
2024-10-25,346.689256,115.3085,alpha-vantage,VT,adjusted_close
2024-11-01,343.27283,114.1722,alpha-vantage,VT,adjusted_close
2024-11-08,354.514596,117.9112,alpha-vantage,VT,adjusted_close
2024-11-15,346.075905,115.1045,alpha-vantage,VT,adjusted_close
2024-11-22,352.120421,117.1149,alpha-vantage,VT,adjusted_close
2024-11-29,356.062405,118.426,alpha-vantage,VT,adjusted_close
2024-12-06,359.361874,119.5234,alpha-vantage,VT,adjusted_close
2024-12-13,356.237391,118.4842,alpha-vantage,VT,adjusted_close
2024-12-20,347.440912,115.5585,alpha-vantage,VT,adjusted_close
2024-12-27,349.764732,116.3314,alpha-vantage,VT,adjusted_close
2025-01-03,348.440915,115.8911,alpha-vantage,VT,adjusted_close
2025-01-10,341.704575,113.6506,alpha-vantage,VT,adjusted_close
2025-01-17,351.470991,116.8989,alpha-vantage,VT,adjusted_close
2025-01-24,358.589773,119.2666,alpha-vantage,VT,adjusted_close
2025-01-31,356.148094,118.4545,alpha-vantage,VT,adjusted_close
2025-02-07,356.79542,118.6698,alpha-vantage,VT,adjusted_close
2025-02-14,363.266877,120.8222,alpha-vantage,VT,adjusted_close
2025-02-21,358.619238,119.2764,alpha-vantage,VT,adjusted_close
2025-02-28,354.677254,117.9653,alpha-vantage,VT,adjusted_close
2025-03-07,351.059083,116.7619,alpha-vantage,VT,adjusted_close
2025-03-14,345.558165,114.9323,alpha-vantage,VT,adjusted_close
2025-03-21,347.073804,115.4364,alpha-vantage,VT,adjusted_close
2025-03-28,341.82033,113.6891,alpha-vantage,VT,adjusted_close
2025-04-04,311.953133,103.7553,alpha-vantage,VT,adjusted_close
2025-04-11,327.919807,109.0658,alpha-vantage,VT,adjusted_close
2025-04-17,328.126362,109.1345,alpha-vantage,VT,adjusted_close
2025-04-25,341.7614,113.6695,alpha-vantage,VT,adjusted_close
2025-05-02,351.382596,116.8695,alpha-vantage,VT,adjusted_close
2025-05-09,350.585841,116.6045,alpha-vantage,VT,adjusted_close
2025-05-16,364.840544,121.3456,alpha-vantage,VT,adjusted_close
2025-05-23,359.793926,119.6671,alpha-vantage,VT,adjusted_close
2025-05-30,364.102718,121.1002,alpha-vantage,VT,adjusted_close
2025-06-06,370.182412,123.1223,alpha-vantage,VT,adjusted_close
2025-06-13,368.765691,122.6511,alpha-vantage,VT,adjusted_close
2025-06-20,366.94969,122.0471,alpha-vantage,VT,adjusted_close
2025-06-27,379.582921,126.2489,alpha-vantage,VT,adjusted_close
2025-07-03,384.891115,128.0144,alpha-vantage,VT,adjusted_close
2025-07-11,383.260022,127.4719,alpha-vantage,VT,adjusted_close
2025-07-18,385.128338,128.0933,alpha-vantage,VT,adjusted_close
2025-07-25,391.385422,130.1744,alpha-vantage,VT,adjusted_close
2025-08-01,380.7988,126.6533,alpha-vantage,VT,adjusted_close
2025-08-08,390.881211,130.0067,alpha-vantage,VT,adjusted_close
2025-08-15,395.537269,131.5553,alpha-vantage,VT,adjusted_close
2025-08-22,398.710158,132.6106,alpha-vantage,VT,adjusted_close
2025-08-29,396.693616,131.9399,alpha-vantage,VT,adjusted_close
2025-09-05,398.502701,132.5416,alpha-vantage,VT,adjusted_close
2025-09-12,405.086004,134.7312,alpha-vantage,VT,adjusted_close
2025-09-19,409.083912,136.0609,alpha-vantage,VT,adjusted_close
2025-09-26,407.268513,135.4571,alpha-vantage,VT,adjusted_close
2025-10-03,413.874967,137.6544,alpha-vantage,VT,adjusted_close
2025-10-10,402.209568,133.7745,alpha-vantage,VT,adjusted_close
2025-10-17,410.899011,136.6646,alpha-vantage,VT,adjusted_close
2025-10-24,417.445933,138.8421,alpha-vantage,VT,adjusted_close
2025-10-31,418.368366,139.1489,alpha-vantage,VT,adjusted_close
2025-11-07,413.130827,137.4069,alpha-vantage,VT,adjusted_close
2025-11-14,414.350915,137.8127,alpha-vantage,VT,adjusted_close
2025-11-21,405.155758,134.7544,alpha-vantage,VT,adjusted_close
2025-11-28,419.261032,139.4458,alpha-vantage,VT,adjusted_close
2025-12-05,421.254724,140.1089,alpha-vantage,VT,adjusted_close
2025-12-12,420.242995,139.7724,alpha-vantage,VT,adjusted_close
2025-12-19,421.419186,140.1636,alpha-vantage,VT,adjusted_close
2025-12-26,427.418002,142.1588,alpha-vantage,VT,adjusted_close
2026-01-02,426.218058,141.7597,alpha-vantage,VT,adjusted_close
2026-01-09,433.686812,144.2438,alpha-vantage,VT,adjusted_close
2026-01-16,434.706659,144.583,alpha-vantage,VT,adjusted_close
2026-01-23,435.516343,144.8523,alpha-vantage,VT,adjusted_close
2026-01-30,436.266194,145.1017,alpha-vantage,VT,adjusted_close
2026-02-06,439.295668,146.1093,alpha-vantage,VT,adjusted_close
2026-02-13,438.935776,145.9896,alpha-vantage,VT,adjusted_close
2026-02-20,443.764714,147.5957,alpha-vantage,VT,adjusted_close
2026-02-27,443.434887,147.486,alpha-vantage,VT,adjusted_close
2026-03-06,425.708436,141.5902,alpha-vantage,VT,adjusted_close
2026-03-13,418.479611,139.1859,alpha-vantage,VT,adjusted_close
2026-03-20,409.862928,136.32,alpha-vantage,VT,adjusted_close
2026-03-27,404.751668,134.62,alpha-vantage,VT,adjusted_close
2026-04-02,419.03313,139.37,alpha-vantage,VT,adjusted_close
2026-04-10,435.900288,144.98,alpha-vantage,VT,adjusted_close
2026-04-17,453.519103,150.84,alpha-vantage,VT,adjusted_close
2026-04-24,452.015791,150.34,alpha-vantage,VT,adjusted_close
2026-05-01,455.323077,151.44,alpha-vantage,VT,adjusted_close
2026-05-08,466.567849,155.18,alpha-vantage,VT,adjusted_close
2026-05-15,461.576854,153.52,alpha-vantage,VT,adjusted_close
2026-05-22,467.740432,155.57,alpha-vantage,VT,adjusted_close
2026-05-29,475.407322,158.12,alpha-vantage,VT,adjusted_close
2026-06-05,462.057914,153.68,alpha-vantage,VT,adjusted_close
2026-06-12,469.905201,156.29,alpha-vantage,VT,adjusted_close
